{
  "start_time": "2026-01-22T04:33:03.242404",
  "elapsed_seconds": 36273.76528596878,
  "target_seconds": 36000.0,
  "current_generation": 220,
  "total_training_epochs": 11000,
  "best_loss": 0.17202866281662138,
  "current_loss": 0.19170067208819094,
  "loss_history": [
    0.28097521938383574,
    0.23676657383609567,
    0.21027974541764707,
    0.21225362917315213,
    0.20837637558113783,
    0.21457210255041714,
    0.2225753287645057,
    0.20725491365697238,
    0.22932350447773936,
    0.21379249368328604,
    0.2113973796973005,
    0.19395077035482974,
    0.20946017460990696,
    0.18940162515360862,
    0.19452968917600813,
    0.19251275363191966,
    0.19135033928230405,
    0.20936271051410582,
    0.20372764094267043,
    0.20428780118655415,
    0.2010982265761122,
    0.19953604906983674,
    0.19893891390413046,
    0.1852271708268672,
    0.20261889746505765,
    0.20048680074699224,
    0.20911032643076033,
    0.19152151295728984,
    0.18898952681571246,
    0.19871778246294705,
    0.20592649787757547,
    0.18953643666766584,
    0.2026653235461563,
    0.20112796723283824,
    0.20008029501140118,
    0.18967130427528175,
    0.2019433397296816,
    0.201565693160519,
    0.20312083151005209,
    0.20526108698453754,
    0.19176147081609812,
    0.19580878077819944,
    0.18860116344690325,
    0.1932417541425675,
    0.20203465365432202,
    0.19112778136041014,
    0.1865723424749449,
    0.18867639470659195,
    0.1937478719502688,
    0.1844596684621647,
    0.19548555406928064,
    0.2071586118042469,
    0.18867411949206145,
    0.19400140405911956,
    0.20345328969415277,
    0.20316360678244383,
    0.18607846271805464,
    0.18794002241175622,
    0.19218272110726684,
    0.18557408098597086,
    0.19922107974626127,
    0.1797248840909451,
    0.2016393750132993,
    0.196172630908899,
    0.19599826954863966,
    0.189555207115598,
    0.1900639464966953,
    0.2111613119849935,
    0.20887401099130515,
    0.19675609243940564,
    0.19077142969239502,
    0.18377184753678732,
    0.18430773062910885,
    0.19248083685617892,
    0.187657804146409,
    0.2084506074031815,
    0.19538244182709605,
    0.2052750553181395,
    0.20097534555476154,
    0.1932588750654832,
    0.19556356834433974,
    0.19085695378668605,
    0.1809144888203591,
    0.19158862718567252,
    0.1858096496332437,
    0.19969311978016047,
    0.19609029433410616,
    0.19909086948353796,
    0.1992875191317871,
    0.1921989814443514,
    0.1897579425908625,
    0.19389073236193508,
    0.19149765527714047,
    0.19586528315674515,
    0.19512946481909604,
    0.17630673702061173,
    0.1955582018280402,
    0.18802328362967816,
    0.18280216725822537,
    0.1845873225992546,
    0.19896658136509354,
    0.1980174971651286,
    0.18857109209802003,
    0.1878642148617655,
    0.2045309514990076,
    0.19746907334029673,
    0.19361989812366664,
    0.19442287788074464,
    0.18570570337306708,
    0.1845253273509443,
    0.20028562678210438,
    0.18739367967005824,
    0.18812502278015017,
    0.2042496896823868,
    0.20154716013651341,
    0.17690464908443393,
    0.18247825788054617,
    0.18368775515630845,
    0.18353756237495691,
    0.18195891559496524,
    0.1840611945800483,
    0.19347997769899666,
    0.1942734562680126,
    0.20019459185097369,
    0.17253340347576887,
    0.19403807882219554,
    0.18944088092818856,
    0.1919172042934224,
    0.18894093977566812,
    0.18464642053376884,
    0.1914219172904268,
    0.18894330677017568,
    0.19960294518247249,
    0.20713038813509047,
    0.18361145800910894,
    0.19674129065312443,
    0.1915729764308781,
    0.18714753154106437,
    0.1841228310782462,
    0.18467696337401868,
    0.20007408795785162,
    0.1932166831539944,
    0.18637957562226803,
    0.18208295326866214,
    0.20250967590697108,
    0.20283647991344333,
    0.19051713464129716,
    0.18154836166929456,
    0.19113497339095922,
    0.1995346421003342,
    0.20431857109628615,
    0.19643460997845977,
    0.18454069560579955,
    0.20272615599259736,
    0.19980508080124856,
    0.20057991848047824,
    0.191238354338333,
    0.18664575574640183,
    0.19439418016094712,
    0.18220967434532936,
    0.1893676945921034,
    0.1954167985618115,
    0.19410637190937993,
    0.1812892236532644,
    0.19704011524282397,
    0.20383300790563222,
    0.19250527218729258,
    0.1858316463455558,
    0.19648725905641914,
    0.1829916587853804,
    0.19235409082379193,
    0.18300314672011883,
    0.19871260711364447,
    0.21307960817869753,
    0.1925037029497326,
    0.19001332989986985,
    0.21983970168977976,
    0.18544728474505245,
    0.1934556342596188,
    0.1880476711234078,
    0.18281416890304542,
    0.17977900771331043,
    0.18206097847502675,
    0.1900483654318377,
    0.19030625571869314,
    0.18015386147424575,
    0.18598259976506235,
    0.17202866281662138,
    0.18968790089897813,
    0.17465890279412266,
    0.18619427170045671,
    0.18380694804061207,
    0.17732111989986155,
    0.18179762895032764,
    0.18751104074716568,
    0.1913228748301044,
    0.196417304020375,
    0.172480001045391,
    0.17518486220203336,
    0.17766990658454598,
    0.18994006184209136,
    0.19994183527305726,
    0.1879524215040728,
    0.18323125744611027,
    0.19547509957943113,
    0.18530294592585414,
    0.1732669106638059,
    0.19166251908615234,
    0.1891195052862167,
    0.17926652022823691,
    0.19647418581042436,
    0.20472746387310323,
    0.19331285974476486,
    0.18755023976881055,
    0.19193579745013264,
    0.18246453984268007,
    0.19089526242669674,
    0.18587624706421046,
    0.19205444036424157,
    0.19170067208819094
  ],