{
  "timestamp": "2026-01-22T02:28:17.775804",
  "basic_score": 97.66666666666667,
  "llm_score": 90.27777777777777,
  "combined_score": 93.97222222222223,
  "grade": "优秀 (Excellent)",
  "benchmarks": {
    "mmlu": 91.66666666666666,
    "gsm8k": 75.0,
    "arc": 75.0,
    "hellaswag": 100.0,
    "truthfulqa": 100.0,
    "cmmlu": 100.0
  }
}