{
  "code_generation": 0.0,
  "mathematical_reasoning": 0.6999999999999998,
  "language_understanding": 0.8000000000000002,
  "logical_reasoning": 0.0,
  "creativity": 0.0,
  "overall_score": 0.33499999999999996,
  "deepseek_equivalent": false
}