{
  "data_generation": {
    "mandelbrot_samples": 100,
    "julia_samples": 100,
    "sierpinski_samples": 100,
    "mandelbrot_in_set": 0.05999999865889549,
    "julia_in_set": 0.09000000357627869,
    "sierpinski_in_triangle": 1.0
  },
  "geometric_training": {
    "consistency_history": [
      0.24433207511901855,
      0.2342686653137207,
      0.24958686530590057,
      0.2471243143081665,
      0.22792057693004608,
      0.23931998014450073,
      0.2413451075553894,
      0.24299199879169464,
      0.2434014081954956,
      0.24673108756542206,
      0.23799727857112885,
      0.24207532405853271,
      0.24560759961605072,
      0.24212396144866943,
      0.24598802626132965,
      0.2357052117586136,
      0.23520834743976593,
      0.23600713908672333,
      0.2414894700050354,
      0.2381380796432495
    ],
    "domain_performance": {
      "Mandelbrot": 0.2649554908275604,
      "Julia": 0.27363234758377075,
      "Sierpinski": 0.17582644522190094
    },
    "spectral_shifts": [
      0.0,
      0.0,
      0.0,
      0.0,
      0.0,
      0.0,
      0.0,
      0.0,
      0.0,
      0.0,
      0.0,
      0.0,
      0.0,
      0.0,
      0.0,
      0.0,
      0.0,
      0.0,
      0.0,
      0.0,
      0.0,
      0.0,
      0.0,
      0.0,
      0.0,
      0.0,
      0.0,
      0.0,
      0.0,
      0.0,
      0.0,
      0.0,
      0.0,
      0.0,
      0.0,
      0.0,
      0.0,
      0.0,
      0.0,
      0.0,
      0.0,
      0.0,
      0.0,
      0.0,
      0.0,
      0.0,
      0.0,
      0.0,
      0.0,
      0.0,
      0.0,
      0.0,
      0.0,
      0.0,
      0.0,
      0.0,
      0.0,
      0.0,
      0.0,
      0.0
    ]
  },
  "h2q_integration": true,
  "spectral_analysis": {
    "average_eta": 0.0,
    "eta_variance": 0.0,
    "total_measurements": 60
  },
  "consistency_analysis": {
    "final_consistency": 0.2381380796432495,
    "consistency_improvement": -0.006193995475769043,
    "training_steps": 20
  },
  "experiment_metadata": {
    "timestamp": 1769289818.0476,
    "max_dim": 64,
    "domains_tested": [
      "Mandelbrot",
      "Julia",
      "Sierpinski"
    ],
    "training_steps": 20
  }
}