{
  "training_type": "streaming_multimodal_agi",
  "total_steps": 50,
  "memory_usage": [
    0.5420989990234375,
    0.4164276123046875,
    0.4788970947265625,
    0.4814605712890625,
    0.4818115234375,
    0.48211669921875,
    0.482177734375,
    0.482330322265625,
    0.48236083984375,
    0.482421875,
    0.482635498046875,
    0.4827423095703125,
    0.4827728271484375,
    0.4827117919921875,
    0.48272705078125,
    0.4824676513671875,
    0.4824981689453125,
    0.4825286865234375,
    0.4825897216796875,
    0.4826507568359375,
    0.4823455810546875,
    0.4823760986328125,
    0.4824676513671875,
    0.4824676513671875,
    0.4825286865234375,
    0.4825592041015625,
    0.48260498046875,
    0.48272705078125,
    0.482757568359375,
    0.4827880859375,
    0.482818603515625,
    0.48284912109375,
    0.48291015625,
    0.482940673828125,
    0.48297119140625,
    0.483001708984375,
    0.4830322265625,
    0.483062744140625,
    0.48309326171875,
    0.483154296875,
    0.483184814453125,
    0.48321533203125,
    0.483245849609375,
    0.4832763671875,
    0.4833221435546875,
    0.4833526611328125,
    0.4833831787109375,
    0.4834136962890625,
    0.48345947265625,
    0.483489990234375
  ],
  "loss_history": [
    3.341320753097534,
    3.2461273670196533,
    2.9155850410461426,
    3.078279495239258,
    2.9209463596343994,
    3.304694175720215,
    3.2660014629364014,
    3.423187732696533,
    3.348106861114502,
    3.0949931144714355,
    3.380427360534668,
    3.268911600112915,
    3.2107126712799072,
    3.291170835494995,
    2.923424482345581,
    3.3668975830078125,
    3.4031577110290527,
    3.238706111907959,
    3.749638795852661,
    3.2336230278015137,
    2.9506077766418457,
    3.0498807430267334,
    3.1511120796203613,
    3.3505442142486572,
    3.230867624282837,
    3.1103649139404297,
    3.1966843605041504,
    3.015934467315674,
    2.861112594604492,
    3.31575870513916,
    3.439462900161743,
    3.1543984413146973,
    2.9770216941833496,
    3.0622384548187256,
    3.3106064796447754,
    3.11098575592041,
    3.1425058841705322,
    3.3679256439208984,
    2.8485779762268066,
    3.2259554862976074,
    3.288381338119507,
    3.3013486862182617,
    3.4126131534576416,
    3.2032384872436523,
    2.8955166339874268,
    3.3271403312683105,
    3.277243137359619,
    3.2747201919555664,
    3.1837594509124756,
    3.2827601432800293
  ],
  "final_memory_usage": 0.483551025390625,
  "completion_time": "2026-01-29T04:22:11.300446",
  "data_strategy": "streaming_joint_learning"
}