{
  "evolution_step": 10402,
  "performance_history_length": 2402,
  "learning_history_length": 2402,
  "active_goals_count": 3,
  "completed_goals_count": 0,
  "last_consciousness": {
    "integrated_information": 0.05532640591263771,
    "neural_complexity": 0.5823768377304077,
    "self_model_accuracy": 0.044363975524902344,
    "metacognitive_awareness": 0.4460211992263794,
    "emotional_valence": 0.03507949411869049,
    "temporal_binding": 0.0032524066045880318
  },
  "last_learning": {
    "policy_loss": 15.827447891235352,
    "value_loss": 0.049940116703510284,
    "meta_loss": 0.0,
    "long_term_value_loss": 0.0,
    "knowledge_loss": 0.12248563766479492
  },
  "current_state": [
    -109.18946075439453,
    2.92146635055542,
    53.42765808105469,
    -116.65923309326172,
    -60.365150451660156,
    82.13521575927734,
    -10.450864791870117,
    -23.5002384185791,
    57.79027557373047,
    -176.635009765625,
    -93.00376892089844,
    11.528020858764648,
    12.806617736816406,
    -129.68646240234375,
    32.10719299316406,
    78.17230224609375,
    -101.97004699707031,
    34.88024139404297,
    -21.01325798034668,
    96.47144317626953,
    -61.14636993408203,
    -14.452767372131348,
    4.4899821281433105,
    17.114912033081055,
    29.354215621948242,
    -23.219614028930664,
    -5.889980316162109,
    -171.17848205566406,
    33.636478424072266,
    -16.541963577270508,
    -68.63699340820312,
    -85.99053192138672,
    32.318016052246094,
    61.39876174926758,
    -10.60673713684082,
    178.77008056640625,
    -9.32313060760498,
    24.44396209716797,
    -126.7591552734375,
    84.15225982666016,
    -37.87703323364258,
    -20.418407440185547,
    -38.76408386230469,
    -80.76713562011719,
    26.587053298950195,
    2.9358110427856445,
    31.319658279418945,
    -55.84624481201172,
    -149.82595825195312,
    -124.9911880493164,
    10.39975643157959,
    -35.75450897216797,
    -21.82332420349121,
    163.33641052246094,
    -90.58828735351562,
    -101.6703872680664,
    71.21581268310547,
    -142.1346893310547,
    -4.695685863494873,
    5.259664535522461,
    -72.54767608642578,
    -10.718697547912598,
    93.99214172363281,
    -59.06446075439453,
    0.7497662305831909,
    37.036865234375,
    -21.22213363647461,
    11.849960327148438,
    28.198225021362305,
    6.280580997467041,
    -62.02035903930664,
    -3.2467453479766846,
    31.501501083374023,
    -29.042341232299805,
    35.489044189453125,
    58.714351654052734,
    38.09721374511719,
    38.507076263427734,
    34.39570236206055,
    23.034198760986328,
    -76.90771484375,
    13.80366325378418,
    5.274709701538086,
    22.19631004333496,
    6.345545291900635,
    -15.130332946777344,
    -52.08008575439453,
    63.27030563354492,
    36.86262512207031,
    3.277236223220825,
    14.090047836303711,
    -50.63459014892578,
    23.518339157104492,
    15.849664688110352,
    5.302674293518066,
    -10.596090316772461,
    -25.597806930541992,
    42.158485412597656,
    17.34546661376953,
    -23.256988525390625,
    -63.12129211425781,
    49.17890167236328,
    -63.86250686645508,
    -54.26622009277344,
    -23.775484085083008,
    -101.00094604492188,
    -38.941131591796875,
    -45.30454635620117,
    13.430161476135254,
    -12.516621589660645,
    -25.033992767333984,
    13.352982521057129,
    -2.1021180152893066,
    2.7750213146209717,
    38.2669677734375,
    -3.5366015434265137,
    8.675251007080078,
    3.435004949569702,
    -71.58045196533203,
    7.302891254425049,
    -2.84067440032959,
    19.097640991210938,
    1.0231211185455322,
    45.92412567138672,
    -42.91748046875,
    -21.80386734008789,
    -27.72268295288086,
    -47.62800979614258,
    -15.935769081115723,
    -88.95598602294922,
    68.83956909179688,
    -66.43270111083984,
    -10.835082054138184,
    21.905471801757812,
    -2.2447686195373535,
    -32.51626968383789,
    25.204334259033203,
    11.665316581726074,
    -28.44181251525879,
    39.88632583618164,
    31.756771087646484,
    29.715635299682617,
    10.910255432128906,
    13.514902114868164,
    -11.5720796585083,
    2.2168385982513428,
    -12.726188659667969,
    -18.700132369995117,
    14.360410690307617,
    79.79769134521484,
    18.06500816345215,
    -39.172569274902344,
    -10.534051895141602,
    -58.40068435668945,
    19.389402389526367,
    0.4623444080352783,
    28.616069793701172,
    33.02017593383789,
    5.66826057434082,
    -0.707801878452301,
    81.4141616821289,
    22.25136375427246,
    -33.599609375,
    22.473018646240234,
    -3.7925641536712646,
    21.943050384521484,
    20.18484115600586,
    20.810203552246094,
    -35.75179672241211,
    -82.71483612060547,
    17.445606231689453,
    -17.724802017211914,
    -41.08528137207031,
    -55.277732849121094,
    -48.06301498413086,
    18.86233139038086,
    -18.204322814941406,
    10.789018630981445,
    58.130496978759766,
    -70.98782348632812,
    17.79315948486328,
    -32.90287780761719,
    -7.042533874511719,
    22.265085220336914,
    -4.566463470458984,
    -40.050201416015625,
    -28.779817581176758,
    0.12955342233181,
    -26.372142791748047,
    -25.5332088470459,
    -11.13201904296875,
    -9.577278137207031,
    77.80143737792969,
    3.9210643768310547,
    -32.80537796020508,
    13.135920524597168,
    -23.07140350341797,
    69.98355865478516,
    -4.156814098358154,
    -7.071905136108398,
    30.059682846069336,
    -5.328206539154053,
    16.20050811767578,
    31.944082260131836,
    62.067867279052734,
    26.891420364379883,
    -45.05752944946289,
    11.091008186340332,
    -7.995626926422119,
    -76.32331085205078,
    -6.959618091583252,
    -24.530046463012695,
    7.064234733581543,
    -55.36690902709961,
    -33.804012298583984,
    22.921762466430664,
    -41.957176208496094,
    -16.84467887878418,
    -18.60500144958496,
    -57.27134323120117,
    -31.214996337890625,
    47.894290924072266,
    -1.6590698957443237,
    15.404840469360352,
    56.02397537231445,
    11.967954635620117,
    -22.716705322265625,
    -62.79918670654297,
    63.72459411621094,
    62.46751403808594,
    18.260854721069336,
    -13.511332511901855,
    32.14309310913086,
    14.559429168701172,
    -33.611549377441406,
    -29.193180084228516,
    71.48075103759766,
    -57.17595291137695,
    14.547359466552734,
    -10.695963859558105,
    -0.2718501091003418,
    4.117313385009766,
    -72.90800476074219,
    60.911865234375,
    42.49476623535156,
    44.388084411621094,
    -41.77685546875,
    15.705910682678223,
    27.774690628051758,
    55.198890686035156,
    5.299936294555664,
    39.60228729248047,
    20.505887985229492,
    35.771461486816406,
    -21.907678604125977,
    -61.583152770996094
  ],
  "active_goals": [
    {
      "id": "goal_0",
      "type": "learning",
      "description": "\u8ffd\u6c42learning\u76ee\u6807\uff0c\u590d\u6742\u5ea60.3",
      "complexity": 0.3,